SubAwardName,ProjectName,VendorName,ActivityName,Budget,Spend
4,4,ABC INC,4,98340.864,92774.4
8,8,LOL INC,8,116083.8,139860.0
9,9,IFM,9,8700.615,10741.5
10,10,NDR,10,4872.0,4200.0
11,11,WFYF,11,93634.464,88334.4
12,12,XYZ INC,12,19600.392,20000.4
13,13,LOL INC,13,52319.28,63804.0
14,14,DFT INC,14,15615.18,18370.8
15,15,XYZ INC,15,16534.656,17779.2
16,16,WFYF,16,7750.314,6624.2
17,17,BEL,17,67087.44,82824.0
20,20,ABC INC,20,82634.688,94982.4
21,21,LMNOP,21,10712.52,11772.0
22,22,BEL,22,12813.75,12562.5
23,23,ABC INC,23,3810.24,3888.0
24,24,NNP INC,24,40821.88,42970.4
25,25,XYZ INC,25,58206.0,65400.0
26,26,XYZ INC,26,155717.604,174963.6
27,27,WFYF,27,35351.316,30214.8
28,28,WFYF,28,15539.04,14256.0
29,29,BEL,29,64833.75,57375.0
30,30,NDR,30,12463.605,12589.5
31,31,BEL,31,39550.5,46530.0
32,32,BEL,32,7177.275,7323.75
33,33,DFT INC,33,61744.68,52326.0
34,34,XYZ INC,34,29397.984,30307.2
35,35,DFT INC,35,7144.2,8505.0
36,36,BEL,36,12721.8,13980.0
37,37,NDR,37,8766.225,10822.5
38,38,XYZ INC,38,9366.192,8672.4
39,39,LOL INC,39,172415.36,165784.0
40,40,BEL,40,64968.75,59062.5
41,41,XYZ INC,41,13629.0,12390.0
42,42,IFM,42,31476.06,35768.25
43,43,DFT INC,43,131604.48,109670.4
44,44,NNP INC,44,15964.256,16804.48
45,45,LMNOP,45,70401.24,77364.0
46,46,WFYF,46,170796.681,210860.1
47,47,NNP INC,47,89956.724,105831.44
48,48,DFT INC,48,4212.0,4050.0
49,49,XYZ INC,49,113011.2,113011.2
50,50,WFYF,50,14636.16,16262.4
51,51,BEL,51,51802.74,45441.0
52,52,IFM,52,65082.6,57090.0
53,53,BEL,53,31917.8475,35862.75
54,54,XYZ INC,54,16826.4,14760.0
55,55,LMNOP,55,9618.048,9715.2
56,56,QRS INC,56,284607.999,351367.9
57,57,BEL,57,20528.64,23328.0
58,58,LOL INC,58,148866.2,131740.0
59,59,QRS INC,59,83060.64,69217.2
60,60,NNP INC,60,18749.28,17688.0
61,61,BEL,61,2827.44,2376.0
62,62,QRS INC,62,17043.0,14820.0
63,63,LOL INC,63,13462.68,14322.0
64,64,XYZ INC,64,180633.6,188160.0
65,65,IFM,65,35443.8,30555.0
66,66,WFYF,66,27830.088,26254.8
67,67,NDR,67,4709.25,4095.0
68,68,DFT INC,68,85635.144,73823.4
69,69,QRS INC,69,9477.0,10530.0
70,70,LOL INC,70,156400.0,136000.0
71,71,WFYF,71,29343.6,30888.0
72,72,LMNOP,72,68884.992,63782.4
73,73,QRS INC,73,64696.32,67392.0
74,74,BEL,74,77616.0,70560.0
75,75,WFYF,75,86321.004,83806.8
76,76,LOL INC,76,15738.8,16060.0
77,77,BEL,77,22015.26,18657.0
78,78,DFT INC,78,90456.264,79347.6
79,79,LOL INC,79,142089.36,171192.0
80,80,DFT INC,80,33887.97,31671.0
81,81,LMNOP,81,68618.88,57182.4
82,82,NNP INC,82,31973.04,35525.6
83,83,WFYF,83,14435.883,13005.3
84,84,NNP INC,84,9249.9176,7773.04
85,85,IFM,85,30049.5,28893.75
86,86,WFYF,86,54759.936,48892.8
87,87,LMNOP,87,180275.04,189763.2
88,88,QRS INC,88,37793.808,36340.2
89,89,DFT INC,89,39012.246,38247.3
90,90,XYZ INC,90,1818.0,1800.0
91,91,WFYF,91,9860.62,10379.6
92,92,ABC INC,92,53098.752,63974.4
93,93,LOL INC,93,129499.2,140760.0
94,94,NDR,94,33487.875,39397.5
95,95,NDR,95,21991.2,19992.0
96,96,ABC INC,96,2375.128,2861.6
97,97,ABC INC,97,11109.28,12208.0
98,98,BEL,98,55024.92,49572.0
99,99,NDR,99,26342.4,21952.0
100,100,LOL INC,100,180905.4,154620.0
101,101,NNP INC,101,49084.3584,50086.08
102,102,WFYF,102,28133.831,26293.3
103,103,LMNOP,103,220216.32,203904.0
104,104,QRS INC,104,1257.438,1337.7
105,105,LMNOP,105,29102.4,30960.0
106,106,DFT INC,106,133372.008,134719.2
107,107,LMNOP,107,61210.08,56676.0
108,108,ABC INC,108,28471.04,24128.0
109,109,ABC INC,109,291412.8,277536.0
110,110,LMNOP,110,42223.104,47980.8
111,111,NDR,111,5079.9,4305.0
112,112,NNP INC,112,43031.8592,46773.76
113,113,LMNOP,113,9990.0,9000.0
114,114,IFM,114,10003.5,8775.0
115,115,NNP INC,115,13133.824,16417.28
116,116,ABC INC,116,28377.216,33782.4
117,117,LMNOP,117,37059.12,43092.0
118,118,LOL INC,118,160920.48,171192.0
119,119,NNP INC,119,18720.8296,21034.64
120,120,QRS INC,120,6903.0,5850.0
121,121,IFM,121,11291.4,13770.0
122,122,IFM,122,121363.2,151704.0
123,123,DFT INC,123,102299.76,85249.8
124,124,NDR,124,20293.425,21361.5
125,125,WFYF,125,14189.175,13513.5
126,126,QRS INC,126,4738.5,5850.0
127,127,XYZ INC,127,77930.424,89575.2
128,128,DFT INC,128,149360.976,160603.2
129,129,DFT INC,129,27003.375,25717.5
130,130,XYZ INC,130,4857.6,5280.0
131,131,ABC INC,131,5887.728,5947.2
132,132,ABC INC,132,188993.76,165784.0
133,133,WFYF,133,104384.28,86986.9
134,134,NDR,134,164008.2,145140.0
135,135,LMNOP,135,21025.92,22368.0
136,136,DFT INC,136,8271.504,10087.2
137,137,LOL INC,137,16312.94,14966.0
138,138,BEL,138,26067.6,32584.5
139,139,LMNOP,139,43075.008,40636.8
140,140,QRS INC,140,6482.268,8002.8
141,141,ABC INC,141,7123.816,5986.4
142,142,XYZ INC,142,2184.0,2730.0
143,143,ABC INC,143,59447.808,53078.4
144,144,NNP INC,144,204357.12,255446.4
145,145,DFT INC,145,173318.4,216648.0
146,146,LMNOP,146,51517.44,53664.0
147,147,WFYF,147,27665.55,24057.0
148,148,LOL INC,148,57366.0,63740.0
149,149,WFYF,149,56296.35,66231.0
150,150,NNP INC,150,19913.256,22888.8
151,151,DFT INC,151,204005.952,172886.4
152,152,BEL,152,163070.1,196470.0
153,153,LOL INC,153,202369.44,246792.0
154,154,QRS INC,154,23946.624,29203.2
155,155,QRS INC,155,19126.38,16926.0
156,156,DFT INC,156,77094.828,65334.6
157,157,NDR,157,24426.0,21240.0
158,158,XYZ INC,158,4143.48,4818.0
159,159,DFT INC,159,4211.361,4088.7
160,160,NDR,160,21309.6,26637.0
161,161,DFT INC,161,97729.632,111056.4
162,162,LOL INC,162,16524.0,18360.0
163,163,NNP INC,163,65049.336,56564.64
164,164,NNP INC,164,60325.452,69339.6
165,165,ABC INC,165,134302.112,130390.4
166,166,XYZ INC,166,4502.784,5491.2
167,167,LMNOP,167,48271.104,58867.2
168,168,DFT INC,168,7004.34,6670.8
169,169,QRS INC,169,19016.4,17940.0
170,170,IFM,170,2339.325,2107.5
171,171,ABC INC,171,25387.2,30960.0
172,172,XYZ INC,172,36465.408,31987.2
173,173,QRS INC,173,180714.404,153147.8
174,174,NDR,174,7416.29,6996.5
175,175,NDR,175,66446.25,76375.0
176,176,NDR,176,6256.5,6450.0
177,177,WFYF,177,101924.592,110787.6
178,178,XYZ INC,178,6062.364,6123.6
179,179,BEL,179,1360.32,1308.0
180,180,WFYF,180,151927.776,163363.2
181,181,WFYF,181,10103.94,12474.0
182,182,QRS INC,182,3422.848,3889.6
183,183,ABC INC,183,13856.32,13072.0
184,184,WFYF,184,152351.232,158699.2
185,185,ABC INC,185,46086.32,44744.0
186,186,NNP INC,186,17512.704,21890.88
187,187,DFT INC,187,14764.68,14061.6
188,188,WFYF,188,112095.984,123182.4
189,189,BEL,189,129846.0,136680.0
190,190,IFM,190,104283.6,121260.0
191,191,QRS INC,191,14728.74,12807.6
192,192,LMNOP,192,42456.96,39312.0
193,193,ABC INC,193,51163.2,46512.0
194,194,LOL INC,194,69357.6,77064.0
195,195,WFYF,195,31258.656,33976.8
196,196,IFM,196,34080.75,37867.5
197,197,IFM,197,3085.11,3717.0
198,198,IFM,198,17424.0,15840.0
199,199,XYZ INC,199,12104.64,10087.2
200,200,NDR,200,71500.8,59584.0
201,201,ABC INC,201,76439.808,79624.8
202,202,LMNOP,202,107490.24,123552.0
203,203,WFYF,203,24922.128,22251.9
204,204,LOL INC,204,171360.0,178500.0
205,205,BEL,205,76518.0,85020.0
206,206,BEL,206,222543.6525,220340.25
207,207,QRS INC,207,182367.9,184210.0
208,208,DFT INC,208,10773.0,11340.0
209,209,LMNOP,209,81285.12,75264.0
210,210,BEL,210,88278.75,74812.5
211,211,BEL,211,107346.7125,96708.75
212,212,NNP INC,212,43766.976,36472.48
213,213,DFT INC,213,105080.508,92991.6
214,214,DFT INC,214,7049.835,6844.5
215,215,WFYF,215,61603.003,57572.9
216,216,DFT INC,216,48261.906,45530.1
217,217,LMNOP,217,3468.48,4335.6
218,218,NNP INC,218,11645.4272,11306.24
219,219,XYZ INC,219,17222.4,14976.0
220,220,LOL INC,220,94460.16,98396.0
221,221,LMNOP,221,27799.2,30888.0
222,222,DFT INC,222,12150.0,12150.0
223,223,BEL,223,13650.525,12757.5
224,224,IFM,224,11586.1725,10253.25
225,225,QRS INC,225,121351.23,115572.6
226,226,ABC INC,226,139736.064,145558.4
227,227,LOL INC,227,167781.6,199740.0
228,228,XYZ INC,228,197233.92,168576.0
229,229,IFM,229,135169.125,148537.5
230,230,LMNOP,230,155709.12,134232.0
231,231,NNP INC,231,33742.7376,41149.68
232,232,BEL,232,89653.155,75977.25
233,233,WFYF,233,16663.57,17540.6
234,234,BEL,234,34292.16,35721.0
235,235,IFM,235,10765.9125,11576.25
236,236,BEL,236,8125.95,7455.0
237,237,NDR,237,82036.37,98839.0
238,238,NDR,238,71020.95,64564.5
239,239,LOL INC,239,125127.08,152594.0
240,240,BEL,240,69729.66,70434.0
241,241,NDR,241,74385.96,79134.0
242,242,IFM,242,51816.96,53976.0
243,243,IFM,243,8755.29,10809.0
244,244,QRS INC,244,111488.0,111488.0
245,245,BEL,245,40538.88,44064.0
246,246,LOL INC,246,13742.8,14620.0
247,247,DFT INC,247,21591.36,20563.2
248,248,ABC INC,248,67061.76,69856.0
249,249,QRS INC,249,76355.552,83907.2
250,250,IFM,250,134152.2,114660.0
251,251,NDR,251,55287.68,67424.0
252,252,DFT INC,252,92776.32,101952.0
253,253,IFM,253,32476.95,40095.0
254,254,NNP INC,254,26930.5344,24935.68
255,255,DFT INC,255,49003.272,42244.2
256,256,BEL,256,62433.735,58899.75
257,257,NNP INC,257,6138.0,6600.0
258,258,QRS INC,258,19144.32,16224.0
259,259,LMNOP,259,52444.26,64746.0
260,260,NDR,260,39474.0,39474.0
261,261,ABC INC,261,150662.4,158592.0
262,262,DFT INC,262,60378.696,69400.8
263,263,NNP INC,263,62486.424,52509.6
264,264,WFYF,264,171740.8,171740.8
265,265,LMNOP,265,50485.92,54876.0
266,266,NNP INC,266,5822.7136,5653.12
267,267,IFM,267,38803.05,33165.0
268,268,ABC INC,268,1440.0,1200.0
269,269,DFT INC,269,4769.415,4630.5
270,270,LOL INC,270,367027.2,382320.0
271,271,BEL,271,42226.8,52783.5
272,272,WFYF,272,195664.128,171635.2
273,273,NDR,273,32818.24,36064.0
274,274,DFT INC,274,39773.268,47919.6
275,275,BEL,275,29634.66,33675.75
276,276,LMNOP,276,21932.82,21294.0
277,277,WFYF,277,49397.04,49896.0
278,278,QRS INC,278,69451.2,86814.0
279,279,LMNOP,279,58528.008,57380.4
280,280,DFT INC,280,125181.342,145559.7
281,281,NNP INC,281,95948.16,87225.6
282,282,XYZ INC,282,62469.12,63744.0
283,283,XYZ INC,283,34045.44,38688.0
284,284,NDR,284,4578.0,3815.0
285,285,XYZ INC,285,93799.2,110352.0
286,286,XYZ INC,286,6860.832,7708.8
287,287,LOL INC,287,58800.96,57648.0
288,288,WFYF,288,87246.72,72705.6
289,289,BEL,289,3276.0,3150.0
290,290,LOL INC,290,98607.6,108360.0
291,291,QRS INC,291,18708.3,22815.0
292,292,QRS INC,292,64428.0,64428.0
293,293,QRS INC,293,16426.8,15210.0
294,294,XYZ INC,294,12778.56,14688.0
295,295,BEL,295,8608.275,7357.5
296,296,QRS INC,296,9847.5,9750.0
297,297,WFYF,297,84364.896,83529.6
298,298,WFYF,298,86438.88,80784.0
299,299,WFYF,299,50062.32,58212.0
300,300,QRS INC,300,53305.2,52260.0
301,301,ABC INC,301,20095.488,23923.2
302,302,LMNOP,302,81235.92,68844.0
303,303,WFYF,303,55435.776,57745.6
304,304,LOL INC,304,29425.2,26040.0
305,305,NDR,305,19354.5,16830.0
306,306,XYZ INC,306,95001.984,96940.8
307,307,QRS INC,307,7017.192,6879.6
308,308,ABC INC,308,269040.0,283200.0
309,309,DFT INC,309,70452.018,86977.8
310,310,IFM,310,67335.84,70141.5
311,311,QRS INC,311,8401.536,7779.2
312,312,WFYF,312,38711.53,33662.2
313,313,NDR,313,3310.125,3412.5
314,314,IFM,314,20058.3,21802.5
315,315,LOL INC,315,130385.92,121856.0
316,316,QRS INC,316,94126.24,79768.0
317,317,DFT INC,317,3421.44,3110.4
318,318,LMNOP,318,21613.392,19828.8
319,319,WFYF,319,28839.888,34333.2
320,320,LMNOP,320,52660.608,59841.6
321,321,LOL INC,321,161082.0,178980.0
322,322,LOL INC,322,470211.84,460992.0
323,323,LMNOP,323,88172.064,101347.2
324,324,BEL,324,22351.56,18942.0
325,325,QRS INC,325,168058.8,176904.0
326,326,WFYF,326,54761.19,58883.0
327,327,IFM,327,48334.1175,43544.25
328,328,DFT INC,328,28458.0,30600.0
329,329,LOL INC,329,283849.02,242606.0
330,330,WFYF,330,105240.96,116934.4
331,331,DFT INC,331,14569.632,13008.6
332,332,WFYF,332,38321.91,38709.0
333,333,NNP INC,333,48721.3056,54743.04
334,334,IFM,334,155042.28,136002.0
335,335,IFM,335,68229.9,72585.0
336,336,LOL INC,336,162952.8,189480.0
337,337,WFYF,337,12942.6,12210.0
338,338,WFYF,338,57746.304,62092.8
339,339,DFT INC,339,15567.552,18532.8
340,340,NDR,340,6129.69,6069.0
341,341,DFT INC,341,69631.38,76518.0
342,342,WFYF,342,90882.0,112200.0
343,343,LOL INC,343,302540.42,332462.0
344,344,ABC INC,344,127173.12,146176.0
345,345,QRS INC,345,16138.213,14805.7
346,346,QRS INC,346,61002.24,63544.0
347,347,NNP INC,347,82569.6256,73722.88
348,348,NNP INC,348,155829.8368,147009.28
349,349,WFYF,349,88324.236,77477.4
350,350,WFYF,350,2419.956,2494.8
351,351,LOL INC,351,18436.32,19824.0
352,352,IFM,352,59899.5,58725.0
353,353,XYZ INC,353,88976.448,95673.6
354,354,WFYF,354,11661.507,9967.1
355,355,QRS INC,355,45517.472,39239.2
356,356,IFM,356,28016.9775,31479.75
357,357,NNP INC,357,25725.568,23386.88
358,358,QRS INC,358,92349.491,89659.7
359,359,LOL INC,359,122277.6,135864.0
360,360,LOL INC,360,25704.0,25200.0
361,361,IFM,361,97811.7525,98799.75
362,362,WFYF,362,3383.842,3934.7
363,363,BEL,363,38578.68,47628.0
364,364,XYZ INC,364,145290.24,121075.2
365,365,WFYF,365,3832.004,4076.6
366,366,XYZ INC,366,6107.4,7020.0
367,367,NNP INC,367,53637.584,45073.6
368,368,BEL,368,28654.02,30483.0
369,369,NDR,369,2151.66,2289.0
370,370,XYZ INC,370,172222.848,152409.6
371,371,WFYF,371,5947.04,7433.8
372,372,LOL INC,372,168732.0,154800.0
373,373,NNP INC,373,97176.9744,103379.76
374,374,NDR,374,106276.5,93225.0
375,375,DFT INC,375,18416.16,15876.0
376,376,WFYF,376,45405.36,49896.0
377,377,XYZ INC,377,41375.232,50457.6
378,378,IFM,378,77496.795,75977.25
379,379,LOL INC,379,106243.2,114240.0
380,380,NNP INC,380,114345.0,115500.0
381,381,QRS INC,381,14106.82,12266.8
382,382,ABC INC,382,11498.76,14196.0
383,383,LMNOP,383,29203.2,32448.0
384,384,IFM,384,131447.25,139837.5
385,385,IFM,385,9545.2875,11229.75
386,386,LOL INC,386,203649.12,172584.0
387,387,DFT INC,387,9309.168,10578.6
388,388,IFM,388,3499.65,3465.0
389,389,LMNOP,389,48940.416,47980.8
390,390,LOL INC,390,156060.0,144500.0
391,391,NDR,391,6016.255,7248.5
392,392,DFT INC,392,6070.428,6670.8
393,393,ABC INC,393,7130.64,6424.0
394,394,WFYF,394,27490.815,24766.5
395,395,QRS INC,395,31314.816,38188.8
396,396,ABC INC,396,35159.04,32256.0
397,397,NDR,397,49205.88,60748.0
398,398,ABC INC,398,4726.8,4040.0
399,399,XYZ INC,399,137208.096,135849.6
400,400,NNP INC,400,3384.128,2942.72
401,401,QRS INC,401,47414.224,53879.8
402,402,QRS INC,402,146275.584,158995.2
403,403,ABC INC,403,60775.68,63974.4
404,404,IFM,404,17122.56,16464.0
405,405,ABC INC,405,11971.2,13760.0
406,406,QRS INC,406,76098.672,71791.2
407,407,QRS INC,407,106666.092,97858.8
408,408,LOL INC,408,226943.2,257890.0
409,409,BEL,409,12325.95,13545.0
410,410,XYZ INC,410,112590.72,102355.2
411,411,NDR,411,4646.4,3872.0
412,412,ABC INC,412,44193.84,49656.0
413,413,ABC INC,413,158943.12,143192.0
414,414,NNP INC,414,40888.7336,36184.72
415,415,BEL,415,29182.6875,28893.75
416,416,BEL,416,66560.13,61629.75
417,417,QRS INC,417,40862.25,37147.5
418,418,LOL INC,418,19800.0,18000.0
419,419,BEL,419,8944.32,10164.0
420,420,ABC INC,420,28458.0,30600.0
421,421,LMNOP,421,78035.28,71592.0
422,422,BEL,422,13506.075,12622.5
423,423,LMNOP,423,98685.216,88905.6
424,424,ABC INC,424,3403.12,3304.0
425,425,LOL INC,425,236808.0,205920.0
426,426,ABC INC,426,3570.392,3466.4
427,427,LOL INC,427,386993.36,434824.0
428,428,DFT INC,428,22063.914,19877.4
429,429,DFT INC,429,181298.88,157651.2
430,430,XYZ INC,430,24527.244,24284.4
431,431,QRS INC,431,8065.2,8580.0
432,432,NDR,432,23209.76,20723.0
433,433,BEL,433,10495.8,9371.25
434,434,IFM,434,14870.835,14579.25
435,435,BEL,435,64680.0,58800.0
436,436,BEL,436,80308.8,77220.0
437,437,IFM,437,16262.4,20328.0
438,438,QRS INC,438,58771.44,63882.0
439,439,XYZ INC,439,365129.856,351086.4
440,440,LMNOP,440,37879.296,36422.4
441,441,WFYF,441,4115.1,4730.0
442,442,IFM,442,124723.05,105697.5
443,443,QRS INC,443,9678.123,9582.3
444,444,NNP INC,444,68448.0192,79590.72
445,445,ABC INC,445,9496.2,9996.0
446,446,IFM,446,41188.5,38137.5
447,447,XYZ INC,447,46604.16,40176.0
448,448,BEL,448,13514.235,11959.5
449,449,LOL INC,449,61843.2,77304.0
450,450,NNP INC,450,3843.84,4576.0
451,451,NNP INC,451,11323.62,11919.6
452,452,WFYF,452,193448.64,201509.0
453,453,WFYF,453,35610.3,32373.0
454,454,WFYF,454,31695.675,30772.5
455,455,IFM,455,25897.725,29767.5
456,456,IFM,456,3061.8,2835.0
457,457,LOL INC,457,55080.0,54000.0
458,458,BEL,458,13136.4,16020.0
459,459,QRS INC,459,56511.0,61425.0
460,460,NNP INC,460,16286.0544,19388.16
461,461,WFYF,461,49206.96,43164.0
462,462,NDR,462,2835.0,2835.0
463,463,XYZ INC,463,75812.112,81518.4
464,464,NDR,464,4571.7,5442.5
465,465,LMNOP,465,19512.9,24090.0
466,466,IFM,466,5544.0,4950.0
467,467,DFT INC,467,34204.68,38005.2
468,468,BEL,468,9003.4875,8741.25
469,469,WFYF,469,113097.6,125664.0
470,470,DFT INC,470,60278.175,70915.5
471,471,QRS INC,471,29324.568,33706.4
472,472,QRS INC,472,33307.196,28713.1
473,473,DFT INC,473,96545.358,86977.8
474,474,LOL INC,474,60963.84,63504.0
475,475,NDR,475,2881.2,2572.5
476,476,NDR,476,16011.45,13455.0
477,477,NDR,477,1995.84,2268.0
478,478,NDR,478,39703.1,39310.0
479,479,LOL INC,479,132084.48,111936.0
480,480,NDR,480,2812.2,3270.0
481,481,BEL,481,24352.2,29340.0
482,482,LMNOP,482,24640.2,21060.0
483,483,NDR,483,70795.2,82320.0
484,484,LMNOP,484,5428.8,4680.0
485,485,DFT INC,485,18441.324,21443.4
486,486,NDR,486,33566.4,34965.0
487,487,XYZ INC,487,96048.24,117132.0
488,488,IFM,488,35858.16,34479.0
489,489,IFM,489,80697.06,74034.0
490,490,QRS INC,490,59899.84,54454.4
491,491,ABC INC,491,157507.2,131256.0
492,492,DFT INC,492,27417.312,28559.7
493,493,NDR,493,26342.4,21952.0
494,494,NDR,494,22794.36,27798.0
495,495,LOL INC,495,232680.0,193900.0
496,496,LMNOP,496,7941.12,9926.4
497,497,LMNOP,497,64079.652,63445.2
498,498,LMNOP,498,140729.4,165564.0
499,499,LMNOP,499,74380.032,68870.4
500,500,NDR,500,21659.7,21235.0
501,501,BEL,501,42454.125,40432.5
502,502,NNP INC,502,53279.424,59199.36
503,503,LOL INC,503,275604.0,229670.0
504,504,IFM,504,42918.75,39375.0
505,505,LMNOP,505,148830.192,130552.8
506,506,LOL INC,506,10999.8,13580.0
507,507,LMNOP,507,218163.456,269337.6
508,508,DFT INC,508,34859.16,40068.0
509,509,NDR,509,42230.16,37044.0
510,510,DFT INC,510,85849.47,83349.0
511,511,DFT INC,511,10584.0,9450.0
512,512,IFM,512,9462.42,8019.0
513,513,ABC INC,513,4590.208,4883.2
514,514,BEL,514,3040.875,3577.5
515,515,IFM,515,46802.34,41418.0
516,516,IFM,516,60081.5475,69059.25
517,517,DFT INC,517,134756.496,156693.6
518,518,LMNOP,518,6105.12,6636.0
519,519,XYZ INC,519,141747.624,152416.8
520,520,XYZ INC,520,62979.84,56232.0
521,521,LMNOP,521,18568.08,22644.0
522,522,IFM,522,44910.99,54769.5
523,523,XYZ INC,523,6978.048,5913.6
524,524,BEL,524,6726.72,7392.0
525,525,LMNOP,525,31585.116,29518.8
526,526,WFYF,526,42981.84,39798.0
527,527,LMNOP,527,25977.6,31680.0
528,528,DFT INC,528,2249.1,1890.0
529,529,ABC INC,529,31117.632,29920.8
530,530,LOL INC,530,27167.4,31590.0
531,531,WFYF,531,51370.704,61155.6
532,532,BEL,532,10395.0,11550.0
533,533,LMNOP,533,38507.52,41856.0
534,534,NDR,534,21912.0,26400.0
535,535,LMNOP,535,218688.0,218688.0
536,536,NDR,536,58601.235,51859.5
537,537,IFM,537,24402.24,21984.0
538,538,NNP INC,538,38442.4128,44700.48
539,539,DFT INC,539,11882.052,13057.2
540,540,LOL INC,540,10542.38,10438.0
541,541,ABC INC,541,5964.48,5232.0
542,542,LOL INC,542,44750.16,49176.0
543,543,QRS INC,543,42880.734,48180.6
544,544,WFYF,544,42684.84,39523.0
545,545,ABC INC,545,61236.0,68040.0
546,546,QRS INC,546,2530.71,2457.0
547,547,XYZ INC,547,22249.08,20412.0
548,548,LMNOP,548,43195.896,46447.2
549,549,BEL,549,39702.7575,35768.25
550,550,ABC INC,550,3005.76,3232.0
551,551,NDR,551,25854.4,29380.0
552,552,BEL,552,70011.9,58343.25
553,553,NNP INC,553,48583.4976,50086.08
554,554,DFT INC,554,104965.956,88954.2
555,555,WFYF,555,23957.472,28520.8
556,556,IFM,556,24657.48,24174.0
557,557,LOL INC,557,125221.46,137606.0
558,558,DFT INC,558,10908.0,10800.0
559,559,WFYF,559,7575.568,8324.8
560,560,BEL,560,50822.775,49342.5
561,561,DFT INC,561,33048.0,33048.0
562,562,ABC INC,562,67249.92,81024.0
563,563,ABC INC,563,110068.8,119640.0
564,564,LMNOP,564,15892.8,14448.0
565,565,BEL,565,11113.2,11340.0
566,566,LOL INC,566,20928.0,17440.0
567,567,NDR,567,90258.22,110071.0
568,568,XYZ INC,568,344597.76,331344.0
569,569,ABC INC,569,61689.6,60480.0
570,570,XYZ INC,570,29356.416,28780.8
571,571,ABC INC,571,186139.2,155116.0
572,572,DFT INC,572,6690.6,5670.0
573,573,QRS INC,573,150319.26,130712.4
574,574,LMNOP,574,21623.184,21199.2
575,575,ABC INC,575,102054.368,90313.6
576,576,IFM,576,75853.575,74366.25
577,577,IFM,577,46721.61,39933.0
578,578,ABC INC,578,45239.04,51408.0
579,579,NDR,579,40098.24,44064.0
580,580,LOL INC,580,15167.88,12964.0
581,581,IFM,581,32241.24,30132.0
582,582,NDR,582,16658.46,14238.0
583,583,NNP INC,583,89873.784,103303.2
584,584,LOL INC,584,59875.2,74844.0
585,585,ABC INC,585,48470.016,52684.8
586,586,LOL INC,586,278830.08,258176.0
587,587,WFYF,587,81626.622,68593.8
588,588,NNP INC,588,85044.96,93456.0
589,589,LOL INC,589,108581.2,119320.0
590,590,NDR,590,2920.67,3011.0
591,591,WFYF,591,3709.706,3117.4
592,592,DFT INC,592,1512.0,1350.0
593,593,ABC INC,593,10054.8,8820.0
594,594,IFM,594,7438.5,6412.5
595,595,QRS INC,595,17177.16,19519.5
596,596,IFM,596,7172.3925,6347.25
597,597,IFM,597,83797.125,88207.5
598,598,WFYF,598,93305.52,84823.2
599,599,LOL INC,599,59311.98,49842.0
600,600,IFM,600,26769.435,27315.75
601,601,DFT INC,601,37476.432,34700.4
602,602,DFT INC,602,15396.48,19008.0
603,603,NDR,603,21197.295,26169.5
604,604,IFM,604,5962.5,5625.0
605,605,LMNOP,605,253067.568,260894.4
606,606,NNP INC,606,3079.296,2851.2
607,607,NDR,607,654.72,704.0
608,608,QRS INC,608,86839.74,73593.0
609,609,IFM,609,22906.8,21210.0
610,610,DFT INC,610,17671.68,14976.0
611,611,NNP INC,611,78505.5744,79298.56
612,612,DFT INC,612,29082.24,36352.8
613,613,LOL INC,613,27745.2,30828.0
614,614,ABC INC,614,59917.968,73972.8
615,615,IFM,615,103086.75,106275.0
616,616,BEL,616,5253.255,4819.5
617,617,IFM,617,79591.68,84672.0
618,618,WFYF,618,57255.66,54529.2
619,619,WFYF,619,41096.055,34534.5
620,620,LOL INC,620,48672.0,46800.0
621,621,XYZ INC,621,67324.932,72392.4
622,622,LOL INC,622,69962.88,67272.0
623,623,IFM,623,114404.22,112161.0
624,624,ABC INC,624,35060.48,35776.0
625,625,XYZ INC,625,8970.528,9153.6
626,626,LOL INC,626,84009.96,103716.0
627,627,XYZ INC,627,55129.152,53008.8
628,628,QRS INC,628,11221.21,10201.1
629,629,QRS INC,629,17298.645,19883.5
630,630,NNP INC,630,6320.6528,5962.88
631,631,DFT INC,631,18954.0,15795.0
632,632,NNP INC,632,69615.8848,75669.44
633,633,QRS INC,633,69053.985,65765.7
634,634,IFM,634,138591.0,153990.0
635,635,NDR,635,19492.2,16380.0
636,636,DFT INC,636,16061.76,15444.0
637,637,WFYF,637,25395.26,28534.0
638,638,LMNOP,638,62698.86,59713.2
639,639,NNP INC,639,66854.1456,67529.44
640,640,LOL INC,640,143605.32,131748.0
641,641,LMNOP,641,16099.2,13416.0
642,642,ABC INC,642,5678.4,6240.0
643,643,XYZ INC,643,4920.696,4970.4
644,644,QRS INC,644,119455.284,129842.7
645,645,QRS INC,645,222275.3,222275.3
646,646,IFM,646,68277.6,58860.0
647,647,DFT INC,647,53502.876,58155.3
648,648,WFYF,648,18597.15,21879.0
649,649,QRS INC,649,40347.06,35084.4
650,650,QRS INC,650,47114.028,51210.9
651,651,IFM,651,2288.25,2025.0
652,652,LOL INC,652,250576.0,313220.0
653,653,DFT INC,653,17095.338,19878.3
654,654,NDR,654,37592.1,32130.0
655,655,DFT INC,655,11197.44,11664.0
656,656,WFYF,656,18498.48,17617.6
657,657,LOL INC,657,3191.16,3668.0
658,658,LMNOP,658,13655.52,11772.0
659,659,ABC INC,659,73347.12,74088.0
660,660,QRS INC,660,2162.16,2184.0
661,661,LMNOP,661,5055.12,4956.0
662,662,BEL,662,57046.05,55927.5
663,663,BEL,663,3339.6,2904.0
664,664,QRS INC,664,29378.7,31590.0
665,665,NNP INC,665,48298.3776,54267.84
666,666,NDR,666,13237.56,12852.0
667,667,LOL INC,667,48484.8,43290.0
668,668,ABC INC,668,18390.24,18576.0
669,669,QRS INC,669,125690.292,144471.6
670,670,NDR,670,32928.0,39200.0
671,671,ABC INC,671,8760.96,7488.0
672,672,QRS INC,672,15171.975,15970.5
673,673,LOL INC,673,325907.0,343060.0
674,674,QRS INC,674,159565.952,154918.4
675,675,LOL INC,675,112404.0,132240.0
676,676,NNP INC,676,7170.24,7392.0
677,677,LMNOP,677,6186.048,6124.8
678,678,WFYF,678,1675.08,1782.0
679,679,IFM,679,33415.2,29835.0
680,680,DFT INC,680,6652.8,5544.0
681,681,DFT INC,681,31401.513,31718.7
682,682,ABC INC,682,11507.664,13227.2
683,683,DFT INC,683,65675.25,65025.0
684,684,LOL INC,684,358149.6,298458.0
685,685,LOL INC,685,188908.5,176550.0
686,686,DFT INC,686,70206.345,70915.5
687,687,ABC INC,687,11956.8,11280.0
688,688,IFM,688,62390.4,64320.0
689,689,QRS INC,689,5522.4,4680.0
690,690,LMNOP,690,153086.976,159465.6
691,691,BEL,691,41860.8,52326.0
692,692,DFT INC,692,8122.68,8829.0
693,693,QRS INC,693,141837.15,135083.0
694,694,WFYF,694,138070.416,121114.4
695,695,LOL INC,695,178214.4,152320.0
696,696,DFT INC,696,97972.47,89883.0
697,697,LMNOP,697,133126.656,117811.2
698,698,XYZ INC,698,61084.8,50904.0
699,699,BEL,699,73348.8,65490.0
700,700,LMNOP,700,73213.56,71778.0
701,701,NNP INC,701,2162.468,1817.2
702,702,DFT INC,702,45360.0,56700.0
703,703,NDR,703,1083.06,1094.0
704,704,LMNOP,704,94847.76,90331.2
705,705,LMNOP,705,40756.716,44787.6
706,706,XYZ INC,706,13351.8,12138.0
707,707,NDR,707,65570.115,70505.5
708,708,ABC INC,708,52696.56,50187.2
709,709,LMNOP,709,172221.12,191356.8
710,710,NDR,710,135475.8,152220.0
711,711,QRS INC,711,111062.016,107827.2
712,712,IFM,712,27082.77,22951.5
713,713,WFYF,713,24984.96,24024.0
714,714,ABC INC,714,81645.312,97196.8
715,715,NNP INC,715,123963.84,154954.8
716,716,QRS INC,716,35676.68,38779.0
717,717,QRS INC,717,76848.408,69232.8
718,718,BEL,718,19227.6,17167.5
719,719,ABC INC,719,42071.04,50688.0
720,720,LMNOP,720,74952.864,73483.2
721,721,LMNOP,721,16522.38,17766.0
722,722,BEL,722,55920.48,62832.0
723,723,LOL INC,723,262575.04,288544.0
724,724,NDR,724,20196.54,24934.0
725,725,BEL,725,47925.225,51532.5
726,726,IFM,726,73999.8,75510.0
727,727,NDR,727,8115.8,9548.0
728,728,LMNOP,728,142501.14,167648.4
729,729,BEL,729,30480.0,38100.0
730,730,NDR,730,44588.67,39459.0
731,731,DFT INC,731,80975.52,76392.0
732,732,NNP INC,732,6074.64,5148.0
733,733,LMNOP,733,27780.84,31932.0
734,734,QRS INC,734,37941.501,42630.9
735,735,XYZ INC,735,216737.352,204469.2
736,736,XYZ INC,736,37131.264,38678.4
737,737,NDR,737,8637.72,9492.0
738,738,LMNOP,738,6026.4,6480.0
739,739,XYZ INC,739,64157.184,59404.8
740,740,IFM,740,37677.705,42334.5
741,741,WFYF,741,2993.76,2494.8
742,742,BEL,742,2877.7875,3029.25
743,743,QRS INC,743,51316.2,59670.0
744,744,BEL,744,35727.45,30277.5
745,745,XYZ INC,745,104009.4,94554.0
746,746,WFYF,746,22529.705,21873.5
747,747,ABC INC,747,48056.064,49036.8
748,748,NNP INC,748,25706.4192,27941.76
749,749,LMNOP,749,8849.88,9516.0
750,750,NDR,750,4105.8,4562.0
751,751,XYZ INC,751,54851.76,63048.0
752,752,QRS INC,752,221737.152,226262.4
753,753,ABC INC,753,66074.4,57456.0
754,754,NNP INC,754,95325.12,105916.8
755,755,IFM,755,18009.0,19575.0
756,756,LOL INC,756,244838.88,211068.0
757,757,LOL INC,757,23040.0,19200.0
758,758,WFYF,758,23330.538,25086.6
759,759,LOL INC,759,242995.2,303744.0
760,760,NDR,760,1365.1,1606.0
761,761,WFYF,761,200936.736,171740.8
762,762,NDR,762,21682.89,26769.0
763,763,QRS INC,763,70215.093,86685.3
764,764,XYZ INC,764,66211.2,55176.0
765,765,QRS INC,765,103751.856,91010.4
766,766,NDR,766,9529.35,11211.0
767,767,NDR,767,35141.04,30294.0
768,768,NNP INC,768,18580.32,16156.8
769,769,WFYF,769,43708.896,53961.6
770,770,LMNOP,770,9475.2,10080.0
771,771,QRS INC,771,47613.384,45782.1
772,772,XYZ INC,772,79425.36,77112.0
773,773,BEL,773,6459.5475,6945.75
774,774,IFM,774,36446.85,33133.5
775,775,WFYF,775,16584.106,14676.2
776,776,LMNOP,776,100980.0,102000.0
777,777,LMNOP,777,16503.48,13986.0
778,778,LOL INC,778,11370.48,9636.0
779,779,BEL,779,8515.815,8431.5
780,780,ABC INC,780,3132.0,3600.0
781,781,LMNOP,781,7384.608,6652.8
782,782,NNP INC,782,15898.2912,19388.16
783,783,BEL,783,24691.905,28381.5
784,784,IFM,784,7298.1,6885.0
785,785,NNP INC,785,53288.6112,45159.84
786,786,ABC INC,786,32318.064,29649.6
787,787,WFYF,787,264714.12,257004.0
788,788,LMNOP,788,217546.56,207187.2
789,789,LOL INC,789,23990.4,29988.0
790,790,QRS INC,790,213532.8,266916.0
791,791,NDR,791,40642.77,39459.0
792,792,LOL INC,792,73444.8,68640.0
793,793,LMNOP,793,75699.36,64152.0
794,794,DFT INC,794,76267.44,82008.0
795,795,LOL INC,795,199666.48,176696.0
796,796,BEL,796,38006.55,40432.5
797,797,LMNOP,797,4242.336,3964.8
798,798,NNP INC,798,29978.608,25405.6
799,799,ABC INC,799,3287.76,3192.0
800,800,QRS INC,800,114251.28,129831.0
801,801,NNP INC,801,27076.4032,26808.32
802,802,DFT INC,802,128065.977,124335.9
803,803,DFT INC,803,7106.085,8360.1
804,804,NNP INC,804,17266.392,14757.6
805,805,IFM,805,32034.6,28860.0
806,806,XYZ INC,806,21025.92,22368.0
807,807,QRS INC,807,7578.571,6706.7
808,808,IFM,808,43341.48,47628.0
809,809,NNP INC,809,22177.9008,21743.04
810,810,BEL,810,8824.5,8325.0
811,811,LOL INC,811,5580.0,6000.0
812,812,NDR,812,6468.45,7435.0
813,813,NNP INC,813,15649.92,15048.0
814,814,QRS INC,814,66483.534,74700.6
815,815,DFT INC,815,4975.425,6142.5
816,816,XYZ INC,816,152578.8,138708.0
817,817,LOL INC,817,204793.44,220208.0
818,818,LMNOP,818,42636.672,36441.6
819,819,BEL,819,20810.4,22620.0
820,820,LMNOP,820,6728.4,7560.0
821,821,BEL,821,3009.825,3071.25
822,822,LOL INC,822,25920.0,24000.0
823,823,BEL,823,1188.0,1320.0
824,824,QRS INC,824,95975.1,106639.0
825,825,WFYF,825,29444.184,31323.6
826,826,BEL,826,2601.9,2205.0
827,827,LOL INC,827,213624.0,178020.0
828,828,IFM,828,12766.8975,13161.75
829,829,DFT INC,829,85061.502,80246.7
830,830,WFYF,830,16886.485,14683.9
831,831,IFM,831,5023.2,5460.0
832,832,DFT INC,832,112997.43,124173.0
833,833,NDR,833,7782.6,6540.0
834,834,LMNOP,834,86740.608,76761.6
835,835,ABC INC,835,66296.0,66296.0
836,836,QRS INC,836,30048.2,28892.5
837,837,IFM,837,54111.0,63660.0
838,838,BEL,838,69780.165,64018.5
839,839,IFM,839,18286.56,22032.0
840,840,QRS INC,840,49250.292,58631.3
841,841,DFT INC,841,24824.475,21586.5
842,842,LOL INC,842,39552.84,37314.0
843,843,BEL,843,89490.0,111862.5
844,844,IFM,844,65605.32,74551.5
845,845,NDR,845,8473.9,8390.0
846,846,NNP INC,846,2497.528,2472.8
847,847,XYZ INC,847,37749.6,35280.0
848,848,BEL,848,3946.635,3869.25
849,849,NDR,849,53014.08,54096.0
850,850,LMNOP,850,75129.12,68299.2
851,851,LOL INC,851,52254.72,62208.0
852,852,XYZ INC,852,10651.2,10651.2
853,853,IFM,853,75281.67,73089.0
854,854,BEL,854,12629.925,12757.5
855,855,NDR,855,38563.655,35379.5
856,856,IFM,856,38690.4375,34856.25
857,857,LOL INC,857,211536.0,235040.0
858,858,BEL,858,55352.97,68337.0
859,859,NNP INC,859,48343.68,53715.2
860,860,NNP INC,860,146373.4272,160849.92
861,861,BEL,861,26456.25,31875.0
862,862,WFYF,862,6496.952,6129.2
863,863,QRS INC,863,41371.2,39780.0
864,864,ABC INC,864,72921.6,81024.0
865,865,ABC INC,865,1244.16,1036.8
866,866,IFM,866,55987.2,69984.0
867,867,LOL INC,867,48307.0,46900.0
868,868,NDR,868,12892.88,14168.0
869,869,NDR,869,42456.96,44226.0
870,870,NNP INC,870,3002.0144,2544.08
871,871,QRS INC,871,165722.414,156341.9
872,872,LMNOP,872,26208.0,24960.0
873,873,NDR,873,67525.92,68208.0
874,874,BEL,874,39110.4,40320.0
875,875,NNP INC,875,14329.92,12144.0
876,876,WFYF,876,59799.168,67953.6
877,877,LOL INC,877,24603.6,21210.0
878,878,QRS INC,878,43613.154,53843.4
879,879,IFM,879,53625.6,56448.0
880,880,WFYF,880,69046.263,85242.3
881,881,DFT INC,881,48032.352,44474.4
882,882,LMNOP,882,4001.4,3510.0
883,883,IFM,883,13026.42,15147.0
884,884,ABC INC,884,14064.96,15288.0
885,885,LMNOP,885,170530.92,165564.0
886,886,LMNOP,886,195937.92,192096.0
887,887,NDR,887,24446.4,22224.0
888,888,DFT INC,888,65691.648,74649.6
889,889,LOL INC,889,695822.4,594720.0
890,890,WFYF,890,65801.12,82251.4
891,891,NNP INC,891,161441.28,134534.4
892,892,WFYF,892,15100.8,14520.0
893,893,BEL,893,6133.5525,6323.25
894,894,DFT INC,894,106230.735,94009.5
895,895,WFYF,895,260581.068,239065.2
896,896,QRS INC,896,189243.184,173617.6
897,897,NDR,897,7151.76,8316.0
898,898,WFYF,898,72225.384,70809.2
899,899,NNP INC,899,69298.5216,75324.48
900,900,LMNOP,900,103012.56,114458.4
901,901,LOL INC,901,58998.72,53152.0
902,902,NDR,902,5223.96,6219.0
903,903,QRS INC,903,20434.323,18409.3
904,904,ABC INC,904,45208.8,39312.0
905,905,BEL,905,12500.25,12500.25
906,906,WFYF,906,2435.4,2970.0
907,907,IFM,907,13008.5475,12879.75
908,908,QRS INC,908,11403.86,9916.4
909,909,NDR,909,12360.6,11340.0
910,910,WFYF,910,44198.946,43332.3
911,911,WFYF,911,74470.88,78390.4
912,912,ABC INC,912,51728.16,53328.0
913,913,LOL INC,913,168042.8,173240.0
914,914,LOL INC,914,108572.8,96940.0
915,915,WFYF,915,132996.864,138538.4
916,916,LOL INC,916,216707.4,185220.0
917,917,WFYF,917,42637.595,46854.5
918,918,QRS INC,918,207458.16,211692.0
919,919,QRS INC,919,45110.208,48505.6
920,920,NDR,920,11196.9,12870.0
921,921,BEL,921,10454.4,10890.0
922,922,NNP INC,922,51551.808,46865.28
923,923,BEL,923,3912.48,3432.0
924,924,DFT INC,924,66681.63,82323.0
925,925,IFM,925,51438.24,63504.0
926,926,XYZ INC,926,248423.04,288864.0
927,927,IFM,927,33766.2,30420.0
928,928,BEL,928,42798.6,46020.0
929,929,LOL INC,929,245799.2,238640.0
930,930,BEL,930,41630.4,42480.0
931,931,QRS INC,931,14425.047,14004.9
932,932,XYZ INC,932,40590.504,35920.8
933,933,BEL,933,13557.375,13162.5
934,934,BEL,934,35886.24,37381.5
935,935,ABC INC,935,69672.96,77414.4
936,936,DFT INC,936,18083.52,19656.0
937,937,LOL INC,937,205321.22,230698.0
938,938,DFT INC,938,27896.643,34440.3
939,939,BEL,939,81101.4,69915.0
940,940,NNP INC,940,8236.8,6864.0
941,941,BEL,941,82283.04,97956.0
942,942,NDR,942,2460.78,2929.5
943,943,BEL,943,83416.62,70098.0
944,944,ABC INC,944,1487.808,1814.4
945,945,DFT INC,945,3753.9,3870.0
946,946,ABC INC,946,10278.4,12848.0
947,947,QRS INC,947,18111.6,15093.0
948,948,IFM,948,157807.44,161028.0
949,949,DFT INC,949,246978.72,216648.0
950,950,NNP INC,950,8982.512,7810.88
951,951,LOL INC,951,127948.8,107520.0
952,952,NNP INC,952,30842.5216,33524.48
953,953,IFM,953,8079.75,8505.0
954,954,LMNOP,954,12276.0,12276.0
955,955,QRS INC,955,109343.52,101244.0
956,956,BEL,956,2923.2,2520.0
957,957,DFT INC,957,13770.0,11475.0
958,958,QRS INC,958,222199.77,203853.0
959,959,IFM,959,22134.0,27667.5
960,960,NDR,960,3634.4,4543.0
961,961,XYZ INC,961,116769.6,110160.0
962,962,LOL INC,962,186690.0,177800.0
963,963,LOL INC,963,65802.24,58752.0
964,964,NDR,964,68605.0,68605.0
965,965,XYZ INC,965,118124.16,134232.0
966,966,LMNOP,966,58423.68,52164.0
967,967,XYZ INC,967,19813.248,19051.2
968,968,ABC INC,968,52547.616,53078.4
969,969,DFT INC,969,5878.656,5443.2
970,970,DFT INC,970,1836.45,1669.5
971,971,DFT INC,971,35343.36,29952.0
972,972,ABC INC,972,18576.0,15480.0
973,973,XYZ INC,973,128945.208,109275.6
974,974,DFT INC,974,58094.82,61803.0
975,975,WFYF,975,115492.608,124185.6
976,976,ABC INC,976,15912.0,13600.0
977,977,BEL,977,31075.83,27259.5
978,978,ABC INC,978,26717.472,24969.6
979,979,XYZ INC,979,112989.492,114130.8
980,980,QRS INC,980,11107.863,10190.7
981,981,XYZ INC,981,4769.184,5073.6
982,982,NNP INC,982,50825.1744,61981.92
983,983,DFT INC,983,30000.6,30000.6
984,984,NDR,984,778.68,756.0
985,985,LOL INC,985,48556.8,50580.0
986,986,NNP INC,986,20616.0768,17772.48
987,987,ABC INC,987,4773.6,4680.0
988,988,NNP INC,988,6105.792,5451.6
989,989,BEL,989,50791.92,43044.0
990,990,ABC INC,990,52743.936,47092.8
991,991,DFT INC,991,25758.72,29952.0
992,992,QRS INC,992,16929.51,20397.0
993,993,WFYF,993,15523.2,17248.0
994,994,LMNOP,994,42249.6,35208.0
995,995,NDR,995,3060.72,2834.0
996,996,LMNOP,996,92239.56,111132.0
997,997,ABC INC,997,16473.6,20592.0
998,998,WFYF,998,29185.563,26293.3
999,999,NNP INC,999,24270.048,25819.2
